Gender,Math,Science,English
Male,73.66049953746531,67.04347826086956,68.73913043478261
Female,71.83198826118856,66.98548094373865,68.44827586206897
